"Frase","Encuestado","Posición_énfasis","Nivel_énfasis","Respuesta_Posición","Respuesta_Posición_Acierto","Respuesta_naturalidad"
"F1","88278818","P1","1","Ninguna de las anteriores","0","5"
"F1","88585663","P1","1","quiero (segunda aparición)","0","5"
"F1","89112866","P1","1","no","0","4"
"F1","89132226","P1","1","no","0","4"
"F1","89466251","P1","1","las","1","4"
"F1","89512634","P1","1","no","0","5"
"F1","89517852","P1","1","las","1","4"
"F1","89586366","P1","1","quiero (segunda aparición)","0","4"
"F1","89586434","P1","1","quiero (segunda aparición)","0","4"
"F1","89607441","P1","1","Ninguna de las anteriores","0","5"
"F1","89652455","P1","1","las","1","5"
"F1","89704233","P1","1","Ninguna de las anteriores","0","5"
"F1","89937568","P1","1","las","1","5"
"F1","89989387","P1","1","las","1","3"
"F1","90006405","P1","1","Ninguna de las anteriores","0","5"
"F1","90051342","P1","1","quiero (segunda aparición)","0","4"
"F1","90084300","P1","1","no","0","2"
"F1","90085681","P1","1","Ninguna de las anteriores","0","5"
"F1","90101025","P1","1","las","1","3"
"F1","90109835","P1","1","las","1","3"
"F1","90152365","P1","1","las","1","4"
"F1","90281789","P1","1","Ninguna de las anteriores","0","4"
"F1","90320463","P1","1","no","0","3"
"F1","90326683","P1","1","las","1","4"
"F1","90505373","P1","1","las","1","4"
"F1","90553103","P1","1","Ninguna de las anteriores","0","4"
"F1","90651466","P1","1","quiero (primera aparición)","0","3"
"F1","92344983","P1","1","las","1","5"
"F1","92535165","P1","1","Ninguna de las anteriores","0","4"
"F1","92726062","P1","1","las","1","4"
"F1","93015851","P1","1","Ninguna de las anteriores","0","5"
"F1","93023558","P1","1","quiero (primera aparición)","0","4"
"F1","93071861","P1","1","Ninguna de las anteriores","0","4"
"F1","93126720","P1","1","Ninguna de las anteriores","0","4"
"F1","93301505","P1","1","las","1","4"
"F1","93609934","P1","1","Ninguna de las anteriores","0","4"
"F1","95103080","P1","1","las","1","5"
"F1","95536151","P1","1","las","1","4"
"F1","88278818","P1","2","Ninguna de las anteriores","0","5"
"F1","88585663","P1","2","Ninguna de las anteriores","0","4"
"F1","89112866","P1","2","no","0","4"
"F1","89132226","P1","2","no","0","5"
"F1","89466251","P1","2","las","1","4"
"F1","89512634","P1","2","las","1","5"
"F1","89517852","P1","2","las","1","4"
"F1","89586366","P1","2","Ninguna de las anteriores","0","4"
"F1","89586434","P1","2","no","0","4"
"F1","89607441","P1","2","Ninguna de las anteriores","0","5"
"F1","89652455","P1","2","no","0","3"
"F1","89704233","P1","2","Ninguna de las anteriores","0","4"
"F1","89937568","P1","2","quiero (segunda aparición)","0","4"
"F1","89989387","P1","2","las","1","3"
"F1","90006405","P1","2","Ninguna de las anteriores","0","4"
"F1","90051342","P1","2","quiero (segunda aparición)","0","4"
"F1","90084300","P1","2","no","0","2"
"F1","90085681","P1","2","Ninguna de las anteriores","0","4"
"F1","90101025","P1","2","las","1","3"
"F1","90109835","P1","2","las","1","4"
"F1","90152365","P1","2","las","1","4"
"F1","90281789","P1","2","quiero (segunda aparición)","0","4"
"F1","90320463","P1","2","no","0","2"
"F1","90326683","P1","2","no","0","4"
"F1","90505373","P1","2","las","1","4"
"F1","90553103","P1","2","Ninguna de las anteriores","0","4"
"F1","90651466","P1","2","quiero (primera aparición)","0","3"
"F1","92344983","P1","2","las","1","4"
"F1","92535165","P1","2","no","0","4"
"F1","92726062","P1","2","quiero (segunda aparición)","0","3"
"F1","93015851","P1","2","Ninguna de las anteriores","0","5"
"F1","93023558","P1","2","no","0","4"
"F1","93071861","P1","2","Ninguna de las anteriores","0","4"
"F1","93126720","P1","2","Ninguna de las anteriores","0","5"
"F1","93301505","P1","2","no","0","3"
"F1","93609934","P1","2","Ninguna de las anteriores","0","4"
"F1","95103080","P1","2","las","1","4"
"F1","95536151","P1","2","las","1","4"
"F1","88278818","P1","3","Ninguna de las anteriores","0","5"
"F1","88585663","P1","3","Ninguna de las anteriores","0","4"
"F1","89112866","P1","3","las","1","4"
"F1","89132226","P1","3","no","0","4"
"F1","89466251","P1","3","las","1","4"
"F1","89512634","P1","3","las","1","5"
"F1","89517852","P1","3","las","1","4"
"F1","89586366","P1","3","Ninguna de las anteriores","0","4"
"F1","89586434","P1","3","Ninguna de las anteriores","0","5"
"F1","89607441","P1","3","Ninguna de las anteriores","0","5"
"F1","89652455","P1","3","las","1","5"
"F1","89704233","P1","3","Ninguna de las anteriores","0","4"
"F1","89937568","P1","3","no","0","4"
"F1","89989387","P1","3","las","1","4"
"F1","90006405","P1","3","Ninguna de las anteriores","0","5"
"F1","90051342","P1","3","quiero (segunda aparición)","0","3"
"F1","90084300","P1","3","las","1","2"
"F1","90085681","P1","3","Ninguna de las anteriores","0","5"
"F1","90101025","P1","3","Ninguna de las anteriores","0","3"
"F1","90109835","P1","3","las","1","3"
"F1","90152365","P1","3","no","0","3"
"F1","90281789","P1","3","las","1","3"
"F1","90320463","P1","3","no","0","2"
"F1","90326683","P1","3","las","1","4"
"F1","90505373","P1","3","las","1","4"
"F1","90553103","P1","3","Ninguna de las anteriores","0","3"
"F1","90651466","P1","3","no","0","4"
"F1","92344983","P1","3","las","1","3"
"F1","92535165","P1","3","las","1","4"
"F1","92726062","P1","3","quiero (primera aparición)","0","3"
"F1","93015851","P1","3","Ninguna de las anteriores","0","5"
"F1","93023558","P1","3","Ninguna de las anteriores","0","4"
"F1","93071861","P1","3","Ninguna de las anteriores","0","4"
"F1","93126720","P1","3","Ninguna de las anteriores","0","4"
"F1","93301505","P1","3","quiero (primera aparición)","0","4"
"F1","93609934","P1","3","Ninguna de las anteriores","0","4"
"F1","95103080","P1","3","las","1","4"
"F1","95536151","P1","3","las","1","4"
"F1","88278818","P1","4N","Ninguna de las anteriores","0","4"
"F1","88585663","P1","4N","las","1","3"
"F1","89112866","P1","4N","las","1","3"
"F1","89132226","P1","4N","no","0","5"
"F1","89466251","P1","4N","Ninguna de las anteriores","0","3"
"F1","89512634","P1","4N","las","1","5"
"F1","89517852","P1","4N","las","1","2"
"F1","89586366","P1","4N","Ninguna de las anteriores","0","4"
"F1","89586434","P1","4N","no","0","3"
"F1","89607441","P1","4N","Ninguna de las anteriores","0","4"
"F1","89652455","P1","4N","las","1","3"
"F1","89704233","P1","4N","Ninguna de las anteriores","0","3"
"F1","89937568","P1","4N","no","0","4"
"F1","89989387","P1","4N","las","1","4"
"F1","90006405","P1","4N","las","1","3"
"F1","90051342","P1","4N","las","1","4"
"F1","90084300","P1","4N","las","1","2"
"F1","90085681","P1","4N","las","1","4"
"F1","90101025","P1","4N","las","1","4"
"F1","90109835","P1","4N","las","1","4"
"F1","90152365","P1","4N","las","1","3"
"F1","90281789","P1","4N","las","1","3"
"F1","90320463","P1","4N","no","0","2"
"F1","90326683","P1","4N","las","1","4"
"F1","90505373","P1","4N","las","1","2"
"F1","90553103","P1","4N","las","1","2"
"F1","90651466","P1","4N","las","1","3"
"F1","92344983","P1","4N","las","1","2"
"F1","92535165","P1","4N","las","1","5"
"F1","92726062","P1","4N","las","1","4"
"F1","93015851","P1","4N","las","1","3"
"F1","93023558","P1","4N","no","0","4"
"F1","93071861","P1","4N","las","1","4"
"F1","93126720","P1","4N","las","1","3"
"F1","93301505","P1","4N","no","0","3"
"F1","93609934","P1","4N","las","1","2"
"F1","95103080","P1","4N","las","1","3"
"F1","95536151","P1","4N","las","1","4"
"F1","88278818","P1","4B","Ninguna de las anteriores","0","5"
"F1","88585663","P1","4B","las","1","4"
"F1","89112866","P1","4B","las","1","4"
"F1","89132226","P1","4B","no","0","4"
"F1","89466251","P1","4B","las","1","4"
"F1","89512634","P1","4B","las","1","5"
"F1","89517852","P1","4B","las","1","4"
"F1","89586366","P1","4B","Ninguna de las anteriores","0","3"
"F1","89586434","P1","4B","Ninguna de las anteriores","0","5"
"F1","89607441","P1","4B","Ninguna de las anteriores","0","5"
"F1","89652455","P1","4B","las","1","4"
"F1","89704233","P1","4B","Ninguna de las anteriores","0","4"
"F1","89937568","P1","4B","no","0","4"
"F1","89989387","P1","4B","las","1","3"
"F1","90006405","P1","4B","las","1","2"
"F1","90051342","P1","4B","las","1","3"
"F1","90084300","P1","4B","las","1","2"
"F1","90085681","P1","4B","Ninguna de las anteriores","0","5"
"F1","90101025","P1","4B","quiero (segunda aparición)","0","3"
"F1","90109835","P1","4B","las","1","3"
"F1","90152365","P1","4B","las","1","4"
"F1","90281789","P1","4B","las","1","3"
"F1","90320463","P1","4B","las","1","4"
"F1","90326683","P1","4B","las","1","4"
"F1","90505373","P1","4B","las","1","4"
"F1","90553103","P1","4B","las","1","3"
"F1","90651466","P1","4B","quiero (primera aparición)","0","3"
"F1","92344983","P1","4B","las","1","4"
"F1","92535165","P1","4B","Ninguna de las anteriores","0","4"
"F1","92726062","P1","4B","quiero (primera aparición)","0","3"
"F1","93015851","P1","4B","Ninguna de las anteriores","0","4"
"F1","93023558","P1","4B","las","1","4"
"F1","93071861","P1","4B","Ninguna de las anteriores","0","4"
"F1","93126720","P1","4B","Ninguna de las anteriores","0","4"
"F1","93301505","P1","4B","las","1","4"
"F1","93609934","P1","4B","Ninguna de las anteriores","0","3"
"F1","95103080","P1","4B","las","1","4"
"F1","95536151","P1","4B","las","1","4"
"F2","88278818","P2","1","Ninguna de las anteriores","0","5"
"F2","88585663","P2","1","regaló (primera aparición)","0","4"
"F2","89112866","P2","1","regaló (primera aparición)","0","5"
"F2","89132226","P2","1","regaló (primera aparición)","0","3"
"F2","89466251","P2","1","regaló (segunda aparición)","0","4"
"F2","89512634","P2","1","me","1","5"
"F2","89517852","P2","1","me","1","3"
"F2","89586366","P2","1","Ninguna de las anteriores","0","4"
"F2","89586434","P2","1","Ninguna de las anteriores","0","2"
"F2","89607441","P2","1","Ninguna de las anteriores","0","4"
"F2","89652455","P2","1","me","1","3"
"F2","89704233","P2","1","regaló (primera aparición)","0","4"
"F2","89937568","P2","1","regaló (primera aparición)","0","3"
"F2","89989387","P2","1","Ninguna de las anteriores","0","3"
"F2","90006405","P2","1","Ninguna de las anteriores","0","4"
"F2","90051342","P2","1","regaló (primera aparición)","0","5"
"F2","90084300","P2","1","me","1","3"
"F2","90085681","P2","1","regaló (primera aparición)","0","2"
"F2","90101025","P2","1","Ninguna de las anteriores","0","2"
"F2","90109835","P2","1","Ninguna de las anteriores","0","3"
"F2","90152365","P2","1","me","1","2"
"F2","90281789","P2","1","Ninguna de las anteriores","0","4"
"F2","90320463","P2","1","me","1","2"
"F2","90326683","P2","1","regaló (primera aparición)","0","2"
"F2","90505373","P2","1","regaló (primera aparición)","0","2"
"F2","90553103","P2","1","Ninguna de las anteriores","0","4"
"F2","90651466","P2","1","regaló (primera aparición)","0","5"
"F2","92344983","P2","1","Ninguna de las anteriores","0","3"
"F2","92535165","P2","1","Ninguna de las anteriores","0","3"
"F2","92726062","P2","1","regaló (primera aparición)","0","3"
"F2","93015851","P2","1","regaló (primera aparición)","0","3"
"F2","93023558","P2","1","regaló (primera aparición)","0","4"
"F2","93071861","P2","1","Ninguna de las anteriores","0","4"
"F2","93126720","P2","1","Ninguna de las anteriores","0","4"
"F2","93301505","P2","1","regaló (primera aparición)","0","4"
"F2","93609934","P2","1","regaló (primera aparición)","0","3"
"F2","95103080","P2","1","regaló (primera aparición)","0","3"
"F2","95536151","P2","1","me","1","4"
"F2","88278818","P2","2","Ninguna de las anteriores","0","5"
"F2","88585663","P2","2","regaló (segunda aparición)","0","4"
"F2","89112866","P2","2","regaló (segunda aparición)","0","4"
"F2","89132226","P2","2","regaló¬†(primera aparición)","0","2"
"F2","89466251","P2","2","me","1","4"
"F2","89512634","P2","2","me","1","5"
"F2","89517852","P2","2","me","1","3"
"F2","89586366","P2","2","me","1","4"
"F2","89586434","P2","2","me","1","3"
"F2","89607441","P2","2","Ninguna de las anteriores","0","4"
"F2","89652455","P2","2","me","1","5"
"F2","89704233","P2","2","regaló¬†(primera aparición)","0","4"
"F2","89937568","P2","2","no","0","2"
"F2","89989387","P2","2","regaló¬†(primera aparición)","0","4"
"F2","90006405","P2","2","regaló¬†(primera aparición)","0","3"
"F2","90051342","P2","2","Ninguna de las anteriores","0","4"
"F2","90084300","P2","2","me","1","3"
"F2","90085681","P2","2","regaló¬†(primera aparición)","0","2"
"F2","90101025","P2","2","me","1","3"
"F2","90109835","P2","2","Ninguna de las anteriores","0","3"
"F2","90152365","P2","2","me","1","1"
"F2","90281789","P2","2","Ninguna de las anteriores","0","4"
"F2","90320463","P2","2","me","1","4"
"F2","90326683","P2","2","regaló¬†(primera aparición)","0","1"
"F2","90505373","P2","2","regaló¬†(primera aparición)","0","1"
"F2","90553103","P2","2","regaló¬†(primera aparición)","0","3"
"F2","90651466","P2","2","Ninguna de las anteriores","0","4"
"F2","92344983","P2","2","me","1","2"
"F2","92535165","P2","2","me","1","3"
"F2","92726062","P2","2","me","1","3"
"F2","93015851","P2","2","regaló¬†(primera aparición)","0","3"
"F2","93023558","P2","2","me","1","4"
"F2","93071861","P2","2","regaló¬†(primera aparición)","0","3"
"F2","93126720","P2","2","me","1","4"
"F2","93301505","P2","2","regaló¬†(primera aparición)","0","4"
"F2","93609934","P2","2","no","0","2"
"F2","95103080","P2","2","me","1","3"
"F2","95536151","P2","2","me","1","4"
"F2","88278818","P2","3","regaló (primera aparición)","0","4"
"F2","88585663","P2","3","Ninguna de las anteriores","0","5"
"F2","89112866","P2","3","me","1","3"
"F2","89132226","P2","3","regaló (primera aparición)","0","3"
"F2","89466251","P2","3","me","1","4"
"F2","89512634","P2","3","me","1","5"
"F2","89517852","P2","3","me","1","4"
"F2","89586366","P2","3","me","1","3"
"F2","89586434","P2","3","me","1","3"
"F2","89607441","P2","3","Ninguna de las anteriores","0","4"
"F2","89652455","P2","3","me","1","3"
"F2","89704233","P2","3","me","1","3"
"F2","89937568","P2","3","regaló (primera aparición)","0","3"
"F2","89989387","P2","3","me","1","4"
"F2","90006405","P2","3","regaló (primera aparición)","0","4"
"F2","90051342","P2","3","regaló (primera aparición)","0","4"
"F2","90084300","P2","3","me","1","3"
"F2","90085681","P2","3","regaló (primera aparición)","0","1"
"F2","90101025","P2","3","me","1","3"
"F2","90109835","P2","3","Ninguna de las anteriores","0","3"
"F2","90152365","P2","3","me","1","3"
"F2","90281789","P2","3","Ninguna de las anteriores","0","4"
"F2","90320463","P2","3","me","1","4"
"F2","90326683","P2","3","me","1","3"
"F2","90505373","P2","3","regaló (primera aparición)","0","2"
"F2","90553103","P2","3","regaló (primera aparición)","0","3"
"F2","90651466","P2","3","Ninguna de las anteriores","0","3"
"F2","92344983","P2","3","me","1","3"
"F2","92535165","P2","3","me","1","4"
"F2","92726062","P2","3","me","1","3"
"F2","93015851","P2","3","Ninguna de las anteriores","0","3"
"F2","93023558","P2","3","me","1","4"
"F2","93071861","P2","3","me","1","3"
"F2","93126720","P2","3","me","1","3"
"F2","93301505","P2","3","regaló (primera aparición)","0","3"
"F2","93609934","P2","3","Ninguna de las anteriores","0","2"
"F2","95103080","P2","3","me","1","3"
"F2","95536151","P2","3","me","1","4"
"F2","88278818","P2","4N","me","1","4"
"F2","88585663","P2","4N","me","1","4"
"F2","89112866","P2","4N","me","1","4"
"F2","89132226","P2","4N","regaló (primera aparición)","0","5"
"F2","89466251","P2","4N","Ninguna de las anteriores","0","4"
"F2","89512634","P2","4N","me","1","5"
"F2","89517852","P2","4N","me","1","4"
"F2","89586366","P2","4N","me","1","4"
"F2","89586434","P2","4N","me","1","1"
"F2","89607441","P2","4N","Ninguna de las anteriores","0","3"
"F2","89652455","P2","4N","me","1","4"
"F2","89704233","P2","4N","me","1","3"
"F2","89937568","P2","4N","me","1","3"
"F2","89989387","P2","4N","me","1","3"
"F2","90006405","P2","4N","me","1","4"
"F2","90051342","P2","4N","me","1","2"
"F2","90084300","P2","4N","me","1","2"
"F2","90085681","P2","4N","regaló (primera aparición)","0","2"
"F2","90101025","P2","4N","regaló¬†(segunda aparición)","0","2"
"F2","90109835","P2","4N","me","1","3"
"F2","90152365","P2","4N","me","1","2"
"F2","90281789","P2","4N","me","1","3"
"F2","90320463","P2","4N","me","1","2"
"F2","90326683","P2","4N","me","1","4"
"F2","90505373","P2","4N","no","0","2"
"F2","90553103","P2","4N","regaló (primera aparición)","0","3"
"F2","90651466","P2","4N","me","1","2"
"F2","92344983","P2","4N","me","1","3"
"F2","92535165","P2","4N","me","1","4"
"F2","92726062","P2","4N","me","1","2"
"F2","93015851","P2","4N","Ninguna de las anteriores","0","3"
"F2","93023558","P2","4N","Ninguna de las anteriores","0","3"
"F2","93071861","P2","4N","Ninguna de las anteriores","0","2"
"F2","93126720","P2","4N","Ninguna de las anteriores","0","2"
"F2","93301505","P2","4N","regaló (primera aparición)","0","2"
"F2","93609934","P2","4N","me","1","2"
"F2","95103080","P2","4N","me","1","3"
"F2","95536151","P2","4N","me","1","4"
"F2","88278818","P2","4B","me","1","4"
"F2","88585663","P2","4B","regaló (primera aparición)","0","3"
"F2","89112866","P2","4B","me","1","3"
"F2","89132226","P2","4B","regaló (primera aparición)","0","2"
"F2","89466251","P2","4B","me","1","3"
"F2","89512634","P2","4B","me","1","5"
"F2","89517852","P2","4B","me","1","3"
"F2","89586366","P2","4B","me","1","4"
"F2","89586434","P2","4B","me","1","2"
"F2","89607441","P2","4B","me","1","3"
"F2","89652455","P2","4B","me","1","3"
"F2","89704233","P2","4B","me","1","4"
"F2","89937568","P2","4B","regaló (primera aparición)","0","2"
"F2","89989387","P2","4B","me","1","1"
"F2","90006405","P2","4B","me","1","3"
"F2","90051342","P2","4B","regaló (primera aparición)","0","4"
"F2","90084300","P2","4B","me","1","4"
"F2","90085681","P2","4B","regaló (primera aparición)","0","2"
"F2","90101025","P2","4B","me","1","3"
"F2","90109835","P2","4B","me","1","3"
"F2","90152365","P2","4B","me","1","3"
"F2","90281789","P2","4B","me","1","3"
"F2","90320463","P2","4B","me","1","3"
"F2","90326683","P2","4B","me","1","3"
"F2","90505373","P2","4B","regaló (primera aparición)","0","2"
"F2","90553103","P2","4B","me","1","3"
"F2","90651466","P2","4B","Ninguna de las anteriores","0","2"
"F2","92344983","P2","4B","me","1","2"
"F2","92535165","P2","4B","me","1","4"
"F2","92726062","P2","4B","me","1","3"
"F2","93015851","P2","4B","Ninguna de las anteriores","0","3"
"F2","93023558","P2","4B","regaló (primera aparición)","0","4"
"F2","93071861","P2","4B","regaló (primera aparición)","0","3"
"F2","93126720","P2","4B","Ninguna de las anteriores","0","3"
"F2","93301505","P2","4B","regaló (primera aparición)","0","4"
"F2","93609934","P2","4B","me","1","3"
"F2","95103080","P2","4B","regaló (primera aparición)","0","3"
"F2","95536151","P2","4B","me","1","4"
"F3","88278818","P3","1","Ninguna de las anteriores","0","4"
"F3","88585663","P3","1","casa (primera aparición)","0","4"
"F3","89112866","P3","1","mi","1","4"
"F3","89132226","P3","1","casa (primera aparición)","0","3"
"F3","89466251","P3","1","mi","1","5"
"F3","89512634","P3","1","mi","1","5"
"F3","89517852","P3","1","mi","1","3"
"F3","89586366","P3","1","Ninguna de las anteriores","0","3"
"F3","89586434","P3","1","Ninguna de las anteriores","0","2"
"F3","89607441","P3","1","Ninguna de las anteriores","0","5"
"F3","89652455","P3","1","mi","1","3"
"F3","89704233","P3","1","Ninguna de las anteriores","0","4"
"F3","89937568","P3","1","casa (primera aparición)","0","3"
"F3","89989387","P3","1","no","0","2"
"F3","90006405","P3","1","Ninguna de las anteriores","0","5"
"F3","90051342","P3","1","casa (primera aparición)","0","4"
"F3","90084300","P3","1","no","0","3"
"F3","90085681","P3","1","casa (primera aparición)","0","2"
"F3","90101025","P3","1","Ninguna de las anteriores","0","2"
"F3","90109835","P3","1","casa (primera aparición)","0","2"
"F3","90152365","P3","1","mi","1","4"
"F3","90281789","P3","1","Ninguna de las anteriores","0","4"
"F3","90320463","P3","1","casa (primera aparición)","0","3"
"F3","90326683","P3","1","casa (primera aparición)","0","3"
"F3","90505373","P3","1","casa (primera aparición)","0","2"
"F3","90553103","P3","1","Ninguna de las anteriores","0","4"
"F3","90651466","P3","1","casa (primera aparición)","0","3"
"F3","92344983","P3","1","Ninguna de las anteriores","0","3"
"F3","92535165","P3","1","mi","1","4"
"F3","92726062","P3","1","casa (primera aparición)","0","2"
"F3","93015851","P3","1","Ninguna de las anteriores","0","4"
"F3","93023558","P3","1","casa (primera aparición)","0","4"
"F3","93071861","P3","1","Ninguna de las anteriores","0","5"
"F3","93126720","P3","1","Ninguna de las anteriores","0","4"
"F3","93301505","P3","1","casa (primera aparición)","0","3"
"F3","93609934","P3","1","Ninguna de las anteriores","0","4"
"F3","95103080","P3","1","no","0","3"
"F3","95536151","P3","1","mi","1","4"
"F3","88278818","P3","2","casa (primera aparición)","0","4"
"F3","88585663","P3","2","Ninguna de las anteriores","0","5"
"F3","89112866","P3","2","mi","1","4"
"F3","89132226","P3","2","casa (primera aparición)","0","3"
"F3","89466251","P3","2","Ninguna de las anteriores","0","5"
"F3","89512634","P3","2","mi","1","5"
"F3","89517852","P3","2","mi","1","3"
"F3","89586366","P3","2","mi","1","3"
"F3","89586434","P3","2","Ninguna de las anteriores","0","2"
"F3","89607441","P3","2","Ninguna de las anteriores","0","4"
"F3","89652455","P3","2","mi","1","4"
"F3","89704233","P3","2","Ninguna de las anteriores","0","4"
"F3","89937568","P3","2","no","0","3"
"F3","89989387","P3","2","no","0","3"
"F3","90006405","P3","2","Ninguna de las anteriores","0","5"
"F3","90051342","P3","2","no","0","4"
"F3","90084300","P3","2","mi","1","3"
"F3","90085681","P3","2","casa (primera aparición)","0","2"
"F3","90101025","P3","2","mi","1","2"
"F3","90109835","P3","2","Ninguna de las anteriores","0","2"
"F3","90152365","P3","2","mi","1","3"
"F3","90281789","P3","2","mi","1","4"
"F3","90320463","P3","2","Ninguna de las anteriores","0","2"
"F3","90326683","P3","2","casa (primera aparición)","0","3"
"F3","90505373","P3","2","casa (primera aparición)","0","2"
"F3","90553103","P3","2","Ninguna de las anteriores","0","4"
"F3","90651466","P3","2","casa (primera aparición)","0","4"
"F3","92344983","P3","2","no","0","3"
"F3","92535165","P3","2","mi","1","4"
"F3","92726062","P3","2","casa (primera aparición)","0","3"
"F3","93015851","P3","2","Ninguna de las anteriores","0","3"
"F3","93023558","P3","2","mi","1","4"
"F3","93071861","P3","2","Ninguna de las anteriores","0","4"
"F3","93126720","P3","2","Ninguna de las anteriores","0","3"
"F3","93301505","P3","2","mi","1","3"
"F3","93609934","P3","2","Ninguna de las anteriores","0","4"
"F3","95103080","P3","2","no","0","4"
"F3","95536151","P3","2","mi","1","4"
"F3","88278818","P3","3","mi","1","4"
"F3","88585663","P3","3","mi","1","4"
"F3","89112866","P3","3","mi","1","2"
"F3","89132226","P3","3","casa (primera aparición)","0","3"
"F3","89466251","P3","3","mi","1","3"
"F3","89512634","P3","3","mi","1","5"
"F3","89517852","P3","3","mi","1","4"
"F3","89586366","P3","3","mi","1","3"
"F3","89586434","P3","3","Ninguna de las anteriores","0","2"
"F3","89607441","P3","3","mi","1","4"
"F3","89652455","P3","3","mi","1","2"
"F3","89704233","P3","3","mi","1","4"
"F3","89937568","P3","3","casa (primera aparición)","0","2"
"F3","89989387","P3","3","mi","1","2"
"F3","90006405","P3","3","mi","1","3"
"F3","90051342","P3","3","no","0","3"
"F3","90084300","P3","3","mi","1","2"
"F3","90085681","P3","3","casa (primera aparición)","0","1"
"F3","90101025","P3","3","mi","1","2"
"F3","90109835","P3","3","mi","1","3"
"F3","90152365","P3","3","mi","1","1"
"F3","90281789","P3","3","mi","1","3"
"F3","90320463","P3","3","Ninguna de las anteriores","0","2"
"F3","90326683","P3","3","mi","1","5"
"F3","90505373","P3","3","casa (primera aparición)","0","2"
"F3","90553103","P3","3","mi","1","3"
"F3","90651466","P3","3","mi","1","4"
"F3","92344983","P3","3","mi","1","3"
"F3","92535165","P3","3","mi","1","4"
"F3","92726062","P3","3","mi","1","2"
"F3","93015851","P3","3","mi","1","4"
"F3","93023558","P3","3","mi","1","4"
"F3","93071861","P3","3","Ninguna de las anteriores","0","4"
"F3","93126720","P3","3","Ninguna de las anteriores","0","4"
"F3","93301505","P3","3","mi","1","3"
"F3","93609934","P3","3","mi","1","2"
"F3","95103080","P3","3","no","0","3"
"F3","95536151","P3","3","mi","1","4"
"F3","88278818","P3","4N","mi","1","3"
"F3","88585663","P3","4N","mi","1","2"
"F3","89112866","P3","4N","mi","1","3"
"F3","89132226","P3","4N","mi","1","4"
"F3","89466251","P3","4N","mi","1","3"
"F3","89512634","P3","4N","mi","1","5"
"F3","89517852","P3","4N","mi","1","5"
"F3","89586366","P3","4N","mi","1","4"
"F3","89586434","P3","4N","Ninguna de las anteriores","0","2"
"F3","89607441","P3","4N","mi","1","3"
"F3","89652455","P3","4N","mi","1","3"
"F3","89704233","P3","4N","mi","1","3"
"F3","89937568","P3","4N","no","0","3"
"F3","89989387","P3","4N","casa (primera aparición)","0","2"
"F3","90006405","P3","4N","mi","1","2"
"F3","90051342","P3","4N","mi","1","3"
"F3","90084300","P3","4N","mi","1","2"
"F3","90085681","P3","4N","mi","1","2"
"F3","90101025","P3","4N","mi","1","4"
"F3","90109835","P3","4N","mi","1","3"
"F3","90152365","P3","4N","mi","1","2"
"F3","90281789","P3","4N","mi","1","3"
"F3","90320463","P3","4N","mi","1","3"
"F3","90326683","P3","4N","mi","1","3"
"F3","90505373","P3","4N","casa (primera aparición)","0","2"
"F3","90553103","P3","4N","mi","1","2"
"F3","90651466","P3","4N","mi","1","4"
"F3","92344983","P3","4N","mi","1","5"
"F3","92535165","P3","4N","mi","1","2"
"F3","92726062","P3","4N","casa (primera aparición)","0","2"
"F3","93015851","P3","4N","mi","1","3"
"F3","93023558","P3","4N","mi","1","4"
"F3","93071861","P3","4N","mi","1","2"
"F3","93126720","P3","4N","mi","1","2"
"F3","93301505","P3","4N","mi","1","3"
"F3","93609934","P3","4N","mi","1","3"
"F3","95103080","P3","4N","casa (primera aparición)","0","3"
"F3","95536151","P3","4N","mi","1","4"
"F3","88278818","P3","4B","mi","1","4"
"F3","88585663","P3","4B","mi","1","3"
"F3","89112866","P3","4B","mi","1","3"
"F3","89132226","P3","4B","mi","1","4"
"F3","89466251","P3","4B","mi","1","3"
"F3","89512634","P3","4B","mi","1","5"
"F3","89517852","P3","4B","mi","1","3"
"F3","89586366","P3","4B","mi","1","4"
"F3","89586434","P3","4B","Ninguna de las anteriores","0","2"
"F3","89607441","P3","4B","mi","1","4"
"F3","89652455","P3","4B","casa (primera aparición)","0","2"
"F3","89704233","P3","4B","mi","1","3"
"F3","89937568","P3","4B","mi","1","3"
"F3","89989387","P3","4B","no","0","2"
"F3","90006405","P3","4B","mi","1","3"
"F3","90051342","P3","4B","mi","1","4"
"F3","90084300","P3","4B","mi","1","2"
"F3","90085681","P3","4B","casa (primera aparición)","0","2"
"F3","90101025","P3","4B","mi","1","4"
"F3","90109835","P3","4B","Ninguna de las anteriores","0","3"
"F3","90152365","P3","4B","mi","1","3"
"F3","90281789","P3","4B","mi","1","3"
"F3","90320463","P3","4B","Ninguna de las anteriores","0","2"
"F3","90326683","P3","4B","mi","1","4"
"F3","90505373","P3","4B","casa (primera aparición)","0","2"
"F3","90553103","P3","4B","mi","1","3"
"F3","90651466","P3","4B","mi","1","3"
"F3","92344983","P3","4B","mi","1","3"
"F3","92535165","P3","4B","mi","1","4"
"F3","92726062","P3","4B","casa (primera aparición)","0","2"
"F3","93015851","P3","4B","Ninguna de las anteriores","0","3"
"F3","93023558","P3","4B","mi","1","4"
"F3","93071861","P3","4B","mi","1","2"
"F3","93126720","P3","4B","Ninguna de las anteriores","0","2"
"F3","93301505","P3","4B","casa¬†(segunda aparición)","0","2"
"F3","93609934","P3","4B","mi","1","3"
"F3","95103080","P3","4B","Ninguna de las anteriores","0","3"
"F3","95536151","P3","4B","mi","1","4"
"F4","88278818","P4","1","Ninguna de las anteriores","0","5"
"F4","88585663","P4","1","Ninguna de las anteriores","0","5"
"F4","89112866","P4","1","hijo (primera aparición)","0","3"
"F4","89132226","P4","1","hijo (primera aparición)","0","2"
"F4","89466251","P4","1","hijo (primera aparición)","0","4"
"F4","89512634","P4","1","nuestro","1","5"
"F4","89517852","P4","1","nuestro","1","3"
"F4","89586366","P4","1","Ninguna de las anteriores","0","4"
"F4","89586434","P4","1","Ninguna de las anteriores","0","2"
"F4","89607441","P4","1","Ninguna de las anteriores","0","4"
"F4","89652455","P4","1","nuestro","1","5"
"F4","89704233","P4","1","hijo (primera aparición)","0","4"
"F4","89937568","P4","1","hijo (primera aparición)","0","3"
"F4","89989387","P4","1","Ninguna de las anteriores","0","3"
"F4","90006405","P4","1","Ninguna de las anteriores","0","4"
"F4","90051342","P4","1","Ninguna de las anteriores","0","4"
"F4","90084300","P4","1","Ninguna de las anteriores","0","3"
"F4","90085681","P4","1","hijo (primera aparición)","0","2"
"F4","90101025","P4","1","hijo (primera aparición)","0","2"
"F4","90109835","P4","1","Ninguna de las anteriores","0","3"
"F4","90152365","P4","1","nuestro","1","3"
"F4","90281789","P4","1","Ninguna de las anteriores","0","4"
"F4","90320463","P4","1","hijo (primera aparición)","0","2"
"F4","90326683","P4","1","hijo (primera aparición)","0","3"
"F4","90505373","P4","1","hijo (primera aparición)","0","2"
"F4","90553103","P4","1","hijo (primera aparición)","0","3"
"F4","90651466","P4","1","hijo (primera aparición)","0","4"
"F4","92344983","P4","1","Ninguna de las anteriores","0","3"
"F4","92535165","P4","1","no","0","4"
"F4","92726062","P4","1","hijo (primera aparición)","0","2"
"F4","93015851","P4","1","hijo (primera aparición)","0","3"
"F4","93023558","P4","1","Ninguna de las anteriores","0","4"
"F4","93071861","P4","1","hijo (primera aparición)","0","4"
"F4","93126720","P4","1","Ninguna de las anteriores","0","3"
"F4","93301505","P4","1","Ninguna de las anteriores","0","4"
"F4","93609934","P4","1","Ninguna de las anteriores","0","3"
"F4","95103080","P4","1","no","0","3"
"F4","95536151","P4","1","hijo (primera aparición)","0","4"
"F4","88278818","P4","2","hijo (primera aparición)","0","4"
"F4","88585663","P4","2","Ninguna de las anteriores","0","4"
"F4","89112866","P4","2","nuestro","1","4"
"F4","89132226","P4","2","no","0","3"
"F4","89466251","P4","2","nuestro","1","3"
"F4","89512634","P4","2","nuestro","1","5"
"F4","89517852","P4","2","nuestro","1","3"
"F4","89586366","P4","2","no","0","4"
"F4","89586434","P4","2","Ninguna de las anteriores","0","2"
"F4","89607441","P4","2","Ninguna de las anteriores","0","4"
"F4","89652455","P4","2","nuestro","1","3"
"F4","89704233","P4","2","Ninguna de las anteriores","0","4"
"F4","89937568","P4","2","nuestro","1","3"
"F4","89989387","P4","2","nuestro","1","3"
"F4","90006405","P4","2","hijo (primera aparición)","0","3"
"F4","90051342","P4","2","no","0","4"
"F4","90084300","P4","2","Ninguna de las anteriores","0","3"
"F4","90085681","P4","2","hijo (primera aparición)","0","2"
"F4","90101025","P4","2","Ninguna de las anteriores","0","2"
"F4","90109835","P4","2","Ninguna de las anteriores","0","2"
"F4","90152365","P4","2","nuestro","1","3"
"F4","90281789","P4","2","Ninguna de las anteriores","0","4"
"F4","90320463","P4","2","hijo (primera aparición)","0","2"
"F4","90326683","P4","2","hijo (primera aparición)","0","4"
"F4","90505373","P4","2","hijo (primera aparición)","0","2"
"F4","90553103","P4","2","hijo (primera aparición)","0","3"
"F4","90651466","P4","2","Ninguna de las anteriores","0","4"
"F4","92344983","P4","2","nuestro","1","3"
"F4","92535165","P4","2","nuestro","1","5"
"F4","92726062","P4","2","hijo (primera aparición)","0","3"
"F4","93015851","P4","2","Ninguna de las anteriores","0","4"
"F4","93023558","P4","2","Ninguna de las anteriores","0","4"
"F4","93071861","P4","2","Ninguna de las anteriores","0","4"
"F4","93126720","P4","2","Ninguna de las anteriores","0","3"
"F4","93301505","P4","2","nuestro","1","4"
"F4","93609934","P4","2","no","0","2"
"F4","95103080","P4","2","Ninguna de las anteriores","0","4"
"F4","95536151","P4","2","nuestro","1","4"
"F4","88278818","P4","3","hijo (primera aparición)","0","4"
"F4","88585663","P4","3","Ninguna de las anteriores","0","4"
"F4","89112866","P4","3","no","0","3"
"F4","89132226","P4","3","hijo (primera aparición)","0","4"
"F4","89466251","P4","3","Ninguna de las anteriores","0","3"
"F4","89512634","P4","3","no","0","5"
"F4","89517852","P4","3","nuestro","1","3"
"F4","89586366","P4","3","no","0","4"
"F4","89586434","P4","3","no","0","3"
"F4","89607441","P4","3","Ninguna de las anteriores","0","4"
"F4","89652455","P4","3","Ninguna de las anteriores","0","3"
"F4","89704233","P4","3","hijo (primera aparición)","0","4"
"F4","89937568","P4","3","no","0","3"
"F4","89989387","P4","3","hijo (primera aparición)","0","4"
"F4","90006405","P4","3","hijo (primera aparición)","0","4"
"F4","90051342","P4","3","Ninguna de las anteriores","0","4"
"F4","90084300","P4","3","Ninguna de las anteriores","0","2"
"F4","90085681","P4","3","hijo (primera aparición)","0","2"
"F4","90101025","P4","3","hijo (primera aparición)","0","2"
"F4","90109835","P4","3","hijo (primera aparición)","0","3"
"F4","90152365","P4","3","nuestro","1","2"
"F4","90281789","P4","3","hijo (primera aparición)","0","2"
"F4","90320463","P4","3","hijo (primera aparición)","0","2"
"F4","90326683","P4","3","no","0","2"
"F4","90505373","P4","3","hijo (primera aparición)","0","2"
"F4","90553103","P4","3","hijo (primera aparición)","0","4"
"F4","90651466","P4","3","hijo (primera aparición)","0","3"
"F4","92344983","P4","3","no","0","3"
"F4","92535165","P4","3","no","0","4"
"F4","92726062","P4","3","no","0","3"
"F4","93015851","P4","3","hijo (primera aparición)","0","4"
"F4","93023558","P4","3","no","0","3"
"F4","93071861","P4","3","hijo (primera aparición)","0","3"
"F4","93126720","P4","3","Ninguna de las anteriores","0","3"
"F4","93301505","P4","3","nuestro","1","3"
"F4","93609934","P4","3","no","0","3"
"F4","95103080","P4","3","no","0","3"
"F4","95536151","P4","3","nuestro","1","4"
"F4","88278818","P4","4N","hijo (primera aparición)","0","4"
"F4","88585663","P4","4N","nuestro","1","2"
"F4","89112866","P4","4N","nuestro","1","3"
"F4","89132226","P4","4N","hijo (primera aparición)","0","3"
"F4","89466251","P4","4N","nuestro","1","2"
"F4","89512634","P4","4N","nuestro","1","5"
"F4","89517852","P4","4N","nuestro","1","3"
"F4","89586366","P4","4N","nuestro","1","4"
"F4","89586434","P4","4N","Ninguna de las anteriores","0","2"
"F4","89607441","P4","4N","nuestro","1","3"
"F4","89652455","P4","4N","nuestro","1","4"
"F4","89704233","P4","4N","hijo (primera aparición)","0","3"
"F4","89937568","P4","4N","nuestro","1","3"
"F4","89989387","P4","4N","nuestro","1","2"
"F4","90006405","P4","4N","Ninguna de las anteriores","0","3"
"F4","90051342","P4","4N","no","0","3"
"F4","90084300","P4","4N","nuestro","1","2"
"F4","90085681","P4","4N","hijo (primera aparición)","0","2"
"F4","90101025","P4","4N","Ninguna de las anteriores","0","1"
"F4","90109835","P4","4N","Ninguna de las anteriores","0","3"
"F4","90152365","P4","4N","nuestro","1","2"
"F4","90281789","P4","4N","nuestro","1","3"
"F4","90320463","P4","4N","hijo (primera aparición)","0","2"
"F4","90326683","P4","4N","nuestro","1","4"
"F4","90505373","P4","4N","hijo (primera aparición)","0","2"
"F4","90553103","P4","4N","Ninguna de las anteriores","0","4"
"F4","90651466","P4","4N","hijo (primera aparición)","0","3"
"F4","92344983","P4","4N","nuestro","1","3"
"F4","92535165","P4","4N","Ninguna de las anteriores","0","3"
"F4","92726062","P4","4N","nuestro","1","3"
"F4","93015851","P4","4N","hijo (primera aparición)","0","3"
"F4","93023558","P4","4N","nuestro","1","4"
"F4","93071861","P4","4N","Ninguna de las anteriores","0","3"
"F4","93126720","P4","4N","Ninguna de las anteriores","0","3"
"F4","93301505","P4","4N","hijo (primera aparición)","0","3"
"F4","93609934","P4","4N","hijo (primera aparición)","0","2"
"F4","95103080","P4","4N","no","0","2"
"F4","95536151","P4","4N","nuestro","1","4"
"F4","88278818","P4","4B","nuestro","1","4"
"F4","88585663","P4","4B","nuestro","1","2"
"F4","89112866","P4","4B","nuestro","1","4"
"F4","89132226","P4","4B","nuestro","1","4"
"F4","89466251","P4","4B","Ninguna de las anteriores","0","3"
"F4","89512634","P4","4B","no","0","5"
"F4","89517852","P4","4B","nuestro","1","4"
"F4","89586366","P4","4B","Ninguna de las anteriores","0","4"
"F4","89586434","P4","4B","Ninguna de las anteriores","0","2"
"F4","89607441","P4","4B","Ninguna de las anteriores","0","3"
"F4","89652455","P4","4B","nuestro","1","3"
"F4","89704233","P4","4B","Ninguna de las anteriores","0","3"
"F4","89937568","P4","4B","no","0","3"
"F4","89989387","P4","4B","Ninguna de las anteriores","0","3"
"F4","90006405","P4","4B","Ninguna de las anteriores","0","4"
"F4","90051342","P4","4B","Ninguna de las anteriores","0","4"
"F4","90084300","P4","4B","nuestro","1","2"
"F4","90085681","P4","4B","hijo (primera aparición)","0","2"
"F4","90101025","P4","4B","nuestro","1","2"
"F4","90109835","P4","4B","Ninguna de las anteriores","0","4"
"F4","90152365","P4","4B","nuestro","1","2"
"F4","90281789","P4","4B","nuestro","1","3"
"F4","90320463","P4","4B","Ninguna de las anteriores","0","2"
"F4","90326683","P4","4B","nuestro","1","4"
"F4","90505373","P4","4B","hijo (primera aparición)","0","2"
"F4","90553103","P4","4B","Ninguna de las anteriores","0","4"
"F4","90651466","P4","4B","Ninguna de las anteriores","0","3"
"F4","92344983","P4","4B","nuestro","1","3"
"F4","92535165","P4","4B","Ninguna de las anteriores","0","5"
"F4","92726062","P4","4B","hijo (primera aparición)","0","3"
"F4","93015851","P4","4B","Ninguna de las anteriores","0","4"
"F4","93023558","P4","4B","Ninguna de las anteriores","0","4"
"F4","93071861","P4","4B","hijo (primera aparición)","0","3"
"F4","93126720","P4","4B","Ninguna de las anteriores","0","3"
"F4","93301505","P4","4B","nuestro","1","3"
"F4","93609934","P4","4B","Ninguna de las anteriores","0","3"
"F4","95103080","P4","4B","no","0","3"
"F4","95536151","P4","4B","nuestro","1","4"
"F5","88278818","P5","1","Ninguna de las anteriores","0","5"
"F5","88585663","P5","1","en","1","5"
"F5","89112866","P5","1","en","1","4"
"F5","89132226","P5","1","en","1","4"
"F5","89466251","P5","1","en","1","5"
"F5","89512634","P5","1","en","1","5"
"F5","89517852","P5","1","en","1","3"
"F5","89586366","P5","1","en","1","4"
"F5","89586434","P5","1","en","1","3"
"F5","89607441","P5","1","Ninguna de las anteriores","0","5"
"F5","89652455","P5","1","en","1","4"
"F5","89704233","P5","1","Ninguna de las anteriores","0","4"
"F5","89937568","P5","1","no","0","4"
"F5","89989387","P5","1","no","0","4"
"F5","90006405","P5","1","en","1","4"
"F5","90051342","P5","1","en","1","5"
"F5","90084300","P5","1","en","1","3"
"F5","90085681","P5","1","Ninguna de las anteriores","0","5"
"F5","90101025","P5","1","en","1","3"
"F5","90109835","P5","1","Ninguna de las anteriores","0","2"
"F5","90152365","P5","1","en","1","3"
"F5","90281789","P5","1","Ninguna de las anteriores","0","4"
"F5","90320463","P5","1","en","1","4"
"F5","90326683","P5","1","no","0","2"
"F5","90505373","P5","1","mesa (primera aparición)","0","2"
"F5","90553103","P5","1","Ninguna de las anteriores","0","4"
"F5","90651466","P5","1","mesa (primera aparición)","0","4"
"F5","92344983","P5","1","en","1","4"
"F5","92535165","P5","1","en","1","3"
"F5","92726062","P5","1","mesa (primera aparición)","0","3"
"F5","93015851","P5","1","Ninguna de las anteriores","0","4"
"F5","93023558","P5","1","no","0","4"
"F5","93071861","P5","1","Ninguna de las anteriores","0","4"
"F5","93126720","P5","1","Ninguna de las anteriores","0","5"
"F5","93301505","P5","1","mesa (primera aparición)","0","3"
"F5","93609934","P5","1","Ninguna de las anteriores","0","4"
"F5","95103080","P5","1","mesa (primera aparición)","0","5"
"F5","95536151","P5","1","en","1","4"
"F5","88278818","P5","2","mesa (primera aparición)","0","4"
"F5","88585663","P5","2","en","1","4"
"F5","89112866","P5","2","en","1","4"
"F5","89132226","P5","2","no","0","4"
"F5","89466251","P5","2","en","1","4"
"F5","89512634","P5","2","en","1","5"
"F5","89517852","P5","2","en","1","5"
"F5","89586366","P5","2","no","0","3"
"F5","89586434","P5","2","Ninguna de las anteriores","0","5"
"F5","89607441","P5","2","en","1","4"
"F5","89652455","P5","2","en","1","3"
"F5","89704233","P5","2","en","1","3"
"F5","89937568","P5","2","en","1","4"
"F5","89989387","P5","2","no","0","4"
"F5","90006405","P5","2","en","1","4"
"F5","90051342","P5","2","en","1","5"
"F5","90084300","P5","2","no","0","3"
"F5","90085681","P5","2","en","1","4"
"F5","90101025","P5","2","Ninguna de las anteriores","0","2"
"F5","90109835","P5","2","Ninguna de las anteriores","0","3"
"F5","90152365","P5","2","en","1","2"
"F5","90281789","P5","2","Ninguna de las anteriores","0","4"
"F5","90320463","P5","2","en","1","4"
"F5","90326683","P5","2","en","1","4"
"F5","90505373","P5","2","en","1","3"
"F5","90553103","P5","2","en","1","3"
"F5","90651466","P5","2","mesa (primera aparición)","0","3"
"F5","92344983","P5","2","en","1","3"
"F5","92535165","P5","2","en","1","4"
"F5","92726062","P5","2","mesa (primera aparición)","0","3"
"F5","93015851","P5","2","en","1","4"
"F5","93023558","P5","2","en","1","4"
"F5","93071861","P5","2","en","1","3"
"F5","93126720","P5","2","en","1","4"
"F5","93301505","P5","2","mesa (primera aparición)","0","3"
"F5","93609934","P5","2","en","1","4"
"F5","95103080","P5","2","en","1","4"
"F5","95536151","P5","2","en","1","4"
"F5","88278818","P5","3","en","1","4"
"F5","88585663","P5","3","en","1","4"
"F5","89112866","P5","3","en","1","3"
"F5","89132226","P5","3","no","0","4"
"F5","89466251","P5","3","Ninguna de las anteriores","0","4"
"F5","89512634","P5","3","en","1","5"
"F5","89517852","P5","3","en","1","5"
"F5","89586366","P5","3","en","1","2"
"F5","89586434","P5","3","en","1","3"
"F5","89607441","P5","3","en","1","4"
"F5","89652455","P5","3","en","1","3"
"F5","89704233","P5","3","en","1","4"
"F5","89937568","P5","3","en","1","4"
"F5","89989387","P5","3","no","0","4"
"F5","90006405","P5","3","en","1","4"
"F5","90051342","P5","3","en","1","4"
"F5","90084300","P5","3","en","1","2"
"F5","90085681","P5","3","en","1","3"
"F5","90101025","P5","3","en","1","4"
"F5","90109835","P5","3","en","1","3"
"F5","90152365","P5","3","en","1","2"
"F5","90281789","P5","3","en","1","4"
"F5","90320463","P5","3","en","1","4"
"F5","90326683","P5","3","en","1","4"
"F5","90505373","P5","3","en","1","3"
"F5","90553103","P5","3","en","1","4"
"F5","90651466","P5","3","en","1","4"
"F5","92344983","P5","3","en","1","4"
"F5","92535165","P5","3","en","1","4"
"F5","92726062","P5","3","en","1","4"
"F5","93015851","P5","3","en","1","4"
"F5","93023558","P5","3","en","1","4"
"F5","93071861","P5","3","en","1","5"
"F5","93126720","P5","3","en","1","4"
"F5","93301505","P5","3","en","1","3"
"F5","93609934","P5","3","en","1","4"
"F5","95103080","P5","3","en","1","4"
"F5","95536151","P5","3","en","1","4"
"F5","88278818","P5","4N","en","1","5"
"F5","88585663","P5","4N","en","1","4"
"F5","89112866","P5","4N","en","1","3"
"F5","89132226","P5","4N","en","1","5"
"F5","89466251","P5","4N","Ninguna de las anteriores","0","3"
"F5","89512634","P5","4N","en","1","5"
"F5","89517852","P5","4N","en","1","5"
"F5","89586366","P5","4N","en","1","3"
"F5","89586434","P5","4N","Ninguna de las anteriores","0","3"
"F5","89607441","P5","4N","en","1","4"
"F5","89652455","P5","4N","en","1","4"
"F5","89704233","P5","4N","en","1","4"
"F5","89937568","P5","4N","en","1","3"
"F5","89989387","P5","4N","en","1","4"
"F5","90006405","P5","4N","en","1","4"
"F5","90051342","P5","4N","en","1","4"
"F5","90084300","P5","4N","en","1","3"
"F5","90085681","P5","4N","en","1","3"
"F5","90101025","P5","4N","en","1","5"
"F5","90109835","P5","4N","Ninguna de las anteriores","0","3"
"F5","90152365","P5","4N","en","1","2"
"F5","90281789","P5","4N","en","1","4"
"F5","90320463","P5","4N","en","1","4"
"F5","90326683","P5","4N","en","1","4"
"F5","90505373","P5","4N","en","1","4"
"F5","90553103","P5","4N","en","1","5"
"F5","90651466","P5","4N","en","1","3"
"F5","92344983","P5","4N","en","1","4"
"F5","92535165","P5","4N","en","1","4"
"F5","92726062","P5","4N","en","1","3"
"F5","93015851","P5","4N","en","1","5"
"F5","93023558","P5","4N","en","1","4"
"F5","93071861","P5","4N","en","1","2"
"F5","93126720","P5","4N","en","1","2"
"F5","93301505","P5","4N","en","1","3"
"F5","93609934","P5","4N","en","1","4"
"F5","95103080","P5","4N","en","1","4"
"F5","95536151","P5","4N","en","1","4"
"F5","88278818","P5","4B","en","1","4"
"F5","88585663","P5","4B","en","1","4"
"F5","89112866","P5","4B","en","1","4"
"F5","89132226","P5","4B","no","0","4"
"F5","89466251","P5","4B","en","1","3"
"F5","89512634","P5","4B","en","1","5"
"F5","89517852","P5","4B","en","1","4"
"F5","89586366","P5","4B","en","1","2"
"F5","89586434","P5","4B","en","1","5"
"F5","89607441","P5","4B","en","1","4"
"F5","89652455","P5","4B","en","1","2"
"F5","89704233","P5","4B","en","1","3"
"F5","89937568","P5","4B","en","1","4"
"F5","89989387","P5","4B","mesa (primera aparición)","0","4"
"F5","90006405","P5","4B","en","1","4"
"F5","90051342","P5","4B","en","1","5"
"F5","90084300","P5","4B","en","1","2"
"F5","90085681","P5","4B","en","1","3"
"F5","90101025","P5","4B","en","1","4"
"F5","90109835","P5","4B","mesa (segunda aparición)","0","3"
"F5","90152365","P5","4B","en","1","4"
"F5","90281789","P5","4B","mesa (primera aparición)","0","3"
"F5","90320463","P5","4B","en","1","4"
"F5","90326683","P5","4B","en","1","5"
"F5","90505373","P5","4B","en","1","4"
"F5","90553103","P5","4B","en","1","4"
"F5","90651466","P5","4B","en","1","4"
"F5","92344983","P5","4B","en","1","4"
"F5","92535165","P5","4B","en","1","3"
"F5","92726062","P5","4B","mesa (segunda aparición)","0","2"
"F5","93015851","P5","4B","en","1","4"
"F5","93023558","P5","4B","en","1","4"
"F5","93071861","P5","4B","en","1","4"
"F5","93126720","P5","4B","en","1","4"
"F5","93301505","P5","4B","en","1","1"
"F5","93609934","P5","4B","en","1","4"
"F5","95103080","P5","4B","en","1","3"
"F5","95536151","P5","4B","en","1","4"
"F6","88278818","P6","1","Ninguna de las anteriores","0","5"
"F6","88585663","P6","1","jefe (primera aparición)","0","4"
"F6","89112866","P6","1","con","1","3"
"F6","89132226","P6","1","no","0","4"
"F6","89466251","P6","1","con","1","4"
"F6","89512634","P6","1","con","1","5"
"F6","89517852","P6","1","con","1","3"
"F6","89586366","P6","1","Ninguna de las anteriores","0","3"
"F6","89586434","P6","1","con","1","4"
"F6","89607441","P6","1","con","1","4"
"F6","89652455","P6","1","con","1","5"
"F6","89704233","P6","1","con","1","4"
"F6","89937568","P6","1","jefe (primera aparición)","0","3"
"F6","89989387","P6","1","con","1","4"
"F6","90006405","P6","1","con","1","4"
"F6","90051342","P6","1","jefe (primera aparición)","0","4"
"F6","90084300","P6","1","con","1","4"
"F6","90085681","P6","1","Ninguna de las anteriores","0","5"
"F6","90101025","P6","1","Ninguna de las anteriores","0","2"
"F6","90109835","P6","1","Ninguna de las anteriores","0","3"
"F6","90152365","P6","1","con","1","2"
"F6","90281789","P6","1","Ninguna de las anteriores","0","4"
"F6","90320463","P6","1","con","1","3"
"F6","90326683","P6","1","con","1","3"
"F6","90505373","P6","1","con","1","4"
"F6","90553103","P6","1","con","1","3"
"F6","90651466","P6","1","jefe (primera aparición)","0","3"
"F6","92344983","P6","1","con","1","4"
"F6","92535165","P6","1","con","1","3"
"F6","92726062","P6","1","jefe (primera aparición)","0","4"
"F6","93015851","P6","1","Ninguna de las anteriores","0","5"
"F6","93023558","P6","1","Ninguna de las anteriores","0","4"
"F6","93071861","P6","1","con","1","4"
"F6","93126720","P6","1","Ninguna de las anteriores","0","5"
"F6","93301505","P6","1","con","1","4"
"F6","93609934","P6","1","jefe (segunda aparición)","0","3"
"F6","95103080","P6","1","con","1","4"
"F6","95536151","P6","1","con","1","4"
"F6","88278818","P6","2","con","1","4"
"F6","88585663","P6","2","con","1","5"
"F6","89112866","P6","2","con","1","4"
"F6","89132226","P6","2","con","1","5"
"F6","89466251","P6","2","Ninguna de las anteriores","0","4"
"F6","89512634","P6","2","con","1","5"
"F6","89517852","P6","2","con","1","4"
"F6","89586366","P6","2","con","1","3"
"F6","89586434","P6","2","con","1","5"
"F6","89607441","P6","2","con","1","4"
"F6","89652455","P6","2","con","1","3"
"F6","89704233","P6","2","con","1","4"
"F6","89937568","P6","2","con","1","4"
"F6","89989387","P6","2","con","1","3"
"F6","90006405","P6","2","con","1","4"
"F6","90051342","P6","2","con","1","4"
"F6","90084300","P6","2","jefe (primera aparición)","0","3"
"F6","90085681","P6","2","con","1","5"
"F6","90101025","P6","2","con","1","4"
"F6","90109835","P6","2","Ninguna de las anteriores","0","2"
"F6","90152365","P6","2","con","1","3"
"F6","90281789","P6","2","Ninguna de las anteriores","0","4"
"F6","90320463","P6","2","con","1","5"
"F6","90326683","P6","2","con","1","3"
"F6","90505373","P6","2","con","1","4"
"F6","90553103","P6","2","con","1","4"
"F6","90651466","P6","2","con","1","3"
"F6","92344983","P6","2","con","1","4"
"F6","92535165","P6","2","con","1","4"
"F6","92726062","P6","2","con","1","4"
"F6","93015851","P6","2","con","1","4"
"F6","93023558","P6","2","jefe (primera aparición)","0","3"
"F6","93071861","P6","2","con","1","4"
"F6","93126720","P6","2","con","1","4"
"F6","93301505","P6","2","con","1","3"
"F6","93609934","P6","2","con","1","3"
"F6","95103080","P6","2","no","0","3"
"F6","95536151","P6","2","con","1","4"
"F6","88278818","P6","3","con","1","5"
"F6","88585663","P6","3","con","1","4"
"F6","89112866","P6","3","con","1","4"
"F6","89132226","P6","3","con","1","5"
"F6","89466251","P6","3","con","1","5"
"F6","89512634","P6","3","con","1","5"
"F6","89517852","P6","3","con","1","5"
"F6","89586366","P6","3","con","1","4"
"F6","89586434","P6","3","con","1","5"
"F6","89607441","P6","3","con","1","5"
"F6","89652455","P6","3","con","1","4"
"F6","89704233","P6","3","con","1","5"
"F6","89937568","P6","3","con","1","5"
"F6","89989387","P6","3","con","1","3"
"F6","90006405","P6","3","con","1","5"
"F6","90051342","P6","3","con","1","4"
"F6","90084300","P6","3","con","1","3"
"F6","90085681","P6","3","con","1","5"
"F6","90101025","P6","3","con","1","4"
"F6","90109835","P6","3","con","1","3"
"F6","90152365","P6","3","con","1","4"
"F6","90281789","P6","3","con","1","4"
"F6","90320463","P6","3","con","1","4"
"F6","90326683","P6","3","con","1","3"
"F6","90505373","P6","3","con","1","4"
"F6","90553103","P6","3","con","1","4"
"F6","90651466","P6","3","con","1","4"
"F6","92344983","P6","3","con","1","4"
"F6","92535165","P6","3","con","1","3"
"F6","92726062","P6","3","con","1","4"
"F6","93015851","P6","3","con","1","5"
"F6","93023558","P6","3","con","1","4"
"F6","93071861","P6","3","con","1","5"
"F6","93126720","P6","3","con","1","4"
"F6","93301505","P6","3","con","1","4"
"F6","93609934","P6","3","con","1","4"
"F6","95103080","P6","3","jefe (primera aparición)","0","4"
"F6","95536151","P6","3","con","1","4"
"F6","88278818","P6","4N","con","1","3"
"F6","88585663","P6","4N","con","1","3"
"F6","89112866","P6","4N","con","1","4"
"F6","89132226","P6","4N","con","1","5"
"F6","89466251","P6","4N","con","1","3"
"F6","89512634","P6","4N","con","1","5"
"F6","89517852","P6","4N","con","1","5"
"F6","89586366","P6","4N","con","1","4"
"F6","89586434","P6","4N","con","1","5"
"F6","89607441","P6","4N","con","1","4"
"F6","89652455","P6","4N","con","1","3"
"F6","89704233","P6","4N","con","1","5"
"F6","89937568","P6","4N","con","1","4"
"F6","89989387","P6","4N","con","1","2"
"F6","90006405","P6","4N","con","1","4"
"F6","90051342","P6","4N","con","1","4"
"F6","90084300","P6","4N","con","1","3"
"F6","90085681","P6","4N","con","1","5"
"F6","90101025","P6","4N","con","1","4"
"F6","90109835","P6","4N","Ninguna de las anteriores","0","3"
"F6","90152365","P6","4N","con","1","3"
"F6","90281789","P6","4N","con","1","3"
"F6","90320463","P6","4N","con","1","4"
"F6","90326683","P6","4N","con","1","5"
"F6","90505373","P6","4N","con","1","4"
"F6","90553103","P6","4N","con","1","5"
"F6","90651466","P6","4N","con","1","3"
"F6","92344983","P6","4N","con","1","4"
"F6","92535165","P6","4N","con","1","4"
"F6","92726062","P6","4N","con","1","4"
"F6","93015851","P6","4N","con","1","4"
"F6","93023558","P6","4N","con","1","4"
"F6","93071861","P6","4N","con","1","4"
"F6","93126720","P6","4N","con","1","4"
"F6","93301505","P6","4N","con","1","3"
"F6","93609934","P6","4N","con","1","3"
"F6","95103080","P6","4N","con","1","3"
"F6","95536151","P6","4N","con","1","4"
"F6","88278818","P6","4B","con","1","5"
"F6","88585663","P6","4B","con","1","5"
"F6","89112866","P6","4B","con","1","2"
"F6","89132226","P6","4B","con","1","5"
"F6","89466251","P6","4B","con","1","3"
"F6","89512634","P6","4B","con","1","5"
"F6","89517852","P6","4B","con","1","5"
"F6","89586366","P6","4B","con","1","4"
"F6","89586434","P6","4B","con","1","5"
"F6","89607441","P6","4B","con","1","5"
"F6","89652455","P6","4B","con","1","3"
"F6","89704233","P6","4B","con","1","5"
"F6","89937568","P6","4B","con","1","4"
"F6","89989387","P6","4B","con","1","3"
"F6","90006405","P6","4B","con","1","4"
"F6","90051342","P6","4B","con","1","4"
"F6","90084300","P6","4B","con","1","3"
"F6","90085681","P6","4B","con","1","5"
"F6","90101025","P6","4B","con","1","4"
"F6","90109835","P6","4B","con","1","3"
"F6","90152365","P6","4B","con","1","3"
"F6","90281789","P6","4B","con","1","4"
"F6","90320463","P6","4B","con","1","4"
"F6","90326683","P6","4B","con","1","5"
"F6","90505373","P6","4B","con","1","4"
"F6","90553103","P6","4B","con","1","5"
"F6","90651466","P6","4B","con","1","5"
"F6","92344983","P6","4B","con","1","4"
"F6","92535165","P6","4B","con","1","4"
"F6","92726062","P6","4B","con","1","4"
"F6","93015851","P6","4B","con","1","4"
"F6","93023558","P6","4B","con","1","4"
"F6","93071861","P6","4B","con","1","5"
"F6","93126720","P6","4B","con","1","4"
"F6","93301505","P6","4B","con","1","4"
"F6","93609934","P6","4B","con","1","4"
"F6","95103080","P6","4B","con","1","4"
"F6","95536151","P6","4B","con","1","4"
"F7","88278818","P7","1","disculpa (primera aparición)","0","5"
"F7","88585663","P7","1","Ninguna de las anteriores","0","5"
"F7","89112866","P7","1","disculpa (primera aparición)","0","5"
"F7","89132226","P7","1","disculpa (primera aparición)","0","3"
"F7","89466251","P7","1","Ninguna de las anteriores","0","5"
"F7","89512634","P7","1","la","1","5"
"F7","89517852","P7","1","la","1","4"
"F7","89586366","P7","1","Ninguna de las anteriores","0","4"
"F7","89586434","P7","1","Ninguna de las anteriores","0","5"
"F7","89607441","P7","1","Ninguna de las anteriores","0","4"
"F7","89652455","P7","1","la","1","4"
"F7","89704233","P7","1","disculpa (primera aparición)","0","4"
"F7","89937568","P7","1","no","0","5"
"F7","89989387","P7","1","disculpa (primera aparición)","0","3"
"F7","90006405","P7","1","Ninguna de las anteriores","0","4"
"F7","90051342","P7","1","Ninguna de las anteriores","0","4"
"F7","90084300","P7","1","la","1","4"
"F7","90085681","P7","1","Ninguna de las anteriores","0","5"
"F7","90101025","P7","1","Ninguna de las anteriores","0","2"
"F7","90109835","P7","1","Ninguna de las anteriores","0","3"
"F7","90152365","P7","1","la","1","2"
"F7","90281789","P7","1","Ninguna de las anteriores","0","4"
"F7","90320463","P7","1","Ninguna de las anteriores","0","2"
"F7","90326683","P7","1","no","0","4"
"F7","90505373","P7","1","la","1","4"
"F7","90553103","P7","1","la","1","3"
"F7","90651466","P7","1","disculpa (primera aparición)","0","3"
"F7","92344983","P7","1","Ninguna de las anteriores","0","3"
"F7","92535165","P7","1","Ninguna de las anteriores","0","4"
"F7","92726062","P7","1","disculpa (primera aparición)","0","4"
"F7","93015851","P7","1","Ninguna de las anteriores","0","4"
"F7","93023558","P7","1","Ninguna de las anteriores","0","4"
"F7","93071861","P7","1","Ninguna de las anteriores","0","3"
"F7","93126720","P7","1","Ninguna de las anteriores","0","3"
"F7","93301505","P7","1","disculpa (primera aparición)","0","4"
"F7","93609934","P7","1","Ninguna de las anteriores","0","3"
"F7","95103080","P7","1","Ninguna de las anteriores","0","4"
"F7","95536151","P7","1","la","1","4"
"F7","88278818","P7","2","disculpa (primera aparición)","0","5"
"F7","88585663","P7","2","Ninguna de las anteriores","0","4"
"F7","89112866","P7","2","la","1","4"
"F7","89132226","P7","2","no","0","5"
"F7","89466251","P7","2","Ninguna de las anteriores","0","4"
"F7","89512634","P7","2","la","1","5"
"F7","89517852","P7","2","la","1","4"
"F7","89586366","P7","2","Ninguna de las anteriores","0","4"
"F7","89586434","P7","2","Ninguna de las anteriores","0","4"
"F7","89607441","P7","2","Ninguna de las anteriores","0","4"
"F7","89652455","P7","2","la","1","3"
"F7","89704233","P7","2","Ninguna de las anteriores","0","4"
"F7","89937568","P7","2","no","0","4"
"F7","89989387","P7","2","disculpa (primera aparición)","0","2"
"F7","90006405","P7","2","Ninguna de las anteriores","0","3"
"F7","90051342","P7","2","Ninguna de las anteriores","0","3"
"F7","90084300","P7","2","la","1","2"
"F7","90085681","P7","2","Ninguna de las anteriores","0","5"
"F7","90101025","P7","2","Ninguna de las anteriores","0","1"
"F7","90109835","P7","2","Ninguna de las anteriores","0","2"
"F7","90152365","P7","2","la","1","3"
"F7","90281789","P7","2","Ninguna de las anteriores","0","4"
"F7","90320463","P7","2","Ninguna de las anteriores","0","2"
"F7","90326683","P7","2","no","0","3"
"F7","90505373","P7","2","disculpa (segunda aparición)","0","3"
"F7","90553103","P7","2","Ninguna de las anteriores","0","4"
"F7","90651466","P7","2","disculpa (primera aparición)","0","3"
"F7","92344983","P7","2","Ninguna de las anteriores","0","3"
"F7","92535165","P7","2","Ninguna de las anteriores","0","3"
"F7","92726062","P7","2","no","0","4"
"F7","93015851","P7","2","Ninguna de las anteriores","0","4"
"F7","93023558","P7","2","disculpa (primera aparición)","0","4"
"F7","93071861","P7","2","Ninguna de las anteriores","0","4"
"F7","93126720","P7","2","la","1","4"
"F7","93301505","P7","2","la","1","2"
"F7","93609934","P7","2","Ninguna de las anteriores","0","3"
"F7","95103080","P7","2","no","0","4"
"F7","95536151","P7","2","la","1","4"
"F7","88278818","P7","3","Ninguna de las anteriores","0","4"
"F7","88585663","P7","3","disculpa (segunda aparición)","0","2"
"F7","89112866","P7","3","la","1","4"
"F7","89132226","P7","3","la","1","4"
"F7","89466251","P7","3","Ninguna de las anteriores","0","3"
"F7","89512634","P7","3","la","1","5"
"F7","89517852","P7","3","la","1","2"
"F7","89586366","P7","3","la","1","4"
"F7","89586434","P7","3","Ninguna de las anteriores","0","3"
"F7","89607441","P7","3","Ninguna de las anteriores","0","4"
"F7","89652455","P7","3","la","1","3"
"F7","89704233","P7","3","Ninguna de las anteriores","0","3"
"F7","89937568","P7","3","disculpa¬†(primera aparición)","0","4"
"F7","89989387","P7","3","la","1","2"
"F7","90006405","P7","3","la","1","3"
"F7","90051342","P7","3","Ninguna de las anteriores","0","5"
"F7","90084300","P7","3","la","1","3"
"F7","90085681","P7","3","disculpa¬†(primera aparición)","0","5"
"F7","90101025","P7","3","Ninguna de las anteriores","0","1"
"F7","90109835","P7","3","Ninguna de las anteriores","0","3"
"F7","90152365","P7","3","la","1","2"
"F7","90281789","P7","3","la","1","4"
"F7","90320463","P7","3","la","1","3"
"F7","90326683","P7","3","no","0","3"
"F7","90505373","P7","3","la","1","3"
"F7","90553103","P7","3","la","1","3"
"F7","90651466","P7","3","no","0","3"
"F7","92344983","P7","3","Ninguna de las anteriores","0","4"
"F7","92535165","P7","3","la","1","4"
"F7","92726062","P7","3","disculpa¬†(primera aparición)","0","3"
"F7","93015851","P7","3","Ninguna de las anteriores","0","2"
"F7","93023558","P7","3","disculpa¬†(primera aparición)","0","4"
"F7","93071861","P7","3","Ninguna de las anteriores","0","4"
"F7","93126720","P7","3","Ninguna de las anteriores","0","4"
"F7","93301505","P7","3","Ninguna de las anteriores","0","2"
"F7","93609934","P7","3","Ninguna de las anteriores","0","2"
"F7","95103080","P7","3","disculpa¬†(primera aparición)","0","4"
"F7","95536151","P7","3","la","1","4"
"F7","88278818","P7","4N","la","1","3"
"F7","88585663","P7","4N","la","1","2"
"F7","89112866","P7","4N","disculpa (segunda aparición)","0","4"
"F7","89132226","P7","4N","la","1","5"
"F7","89466251","P7","4N","la","1","3"
"F7","89512634","P7","4N","la","1","5"
"F7","89517852","P7","4N","la","1","4"
"F7","89586366","P7","4N","la","1","3"
"F7","89586434","P7","4N","Ninguna de las anteriores","0","5"
"F7","89607441","P7","4N","la","1","2"
"F7","89652455","P7","4N","la","1","3"
"F7","89704233","P7","4N","Ninguna de las anteriores","0","3"
"F7","89937568","P7","4N","no","0","4"
"F7","89989387","P7","4N","no","0","4"
"F7","90006405","P7","4N","la","1","3"
"F7","90051342","P7","4N","Ninguna de las anteriores","0","4"
"F7","90084300","P7","4N","la","1","3"
"F7","90085681","P7","4N","Ninguna de las anteriores","0","5"
"F7","90101025","P7","4N","la","1","3"
"F7","90109835","P7","4N","Ninguna de las anteriores","0","2"
"F7","90152365","P7","4N","la","1","2"
"F7","90281789","P7","4N","la","1","3"
"F7","90320463","P7","4N","la","1","4"
"F7","90326683","P7","4N","la","1","4"
"F7","90505373","P7","4N","disculpa (primera aparición)","0","3"
"F7","90553103","P7","4N","la","1","2"
"F7","90651466","P7","4N","disculpa (primera aparición)","0","4"
"F7","92344983","P7","4N","no","0","2"
"F7","92535165","P7","4N","la","1","2"
"F7","92726062","P7","4N","disculpa (primera aparición)","0","3"
"F7","93015851","P7","4N","Ninguna de las anteriores","0","2"
"F7","93023558","P7","4N","no","0","4"
"F7","93071861","P7","4N","disculpa (primera aparición)","0","2"
"F7","93126720","P7","4N","la","1","2"
"F7","93301505","P7","4N","la","1","2"
"F7","93609934","P7","4N","la","1","2"
"F7","95103080","P7","4N","no","0","3"
"F7","95536151","P7","4N","la","1","4"
"F7","88278818","P7","4B","la","1","4"
"F7","88585663","P7","4B","la","1","2"
"F7","89112866","P7","4B","la","1","4"
"F7","89132226","P7","4B","la","1","2"
"F7","89466251","P7","4B","Ninguna de las anteriores","0","3"
"F7","89512634","P7","4B","la","1","5"
"F7","89517852","P7","4B","la","1","2"
"F7","89586366","P7","4B","la","1","4"
"F7","89586434","P7","4B","Ninguna de las anteriores","0","3"
"F7","89607441","P7","4B","la","1","3"
"F7","89652455","P7","4B","la","1","3"
"F7","89704233","P7","4B","la","1","3"
"F7","89937568","P7","4B","no","0","4"
"F7","89989387","P7","4B","no","0","2"
"F7","90006405","P7","4B","la","1","2"
"F7","90051342","P7","4B","Ninguna de las anteriores","0","3"
"F7","90084300","P7","4B","la","1","2"
"F7","90085681","P7","4B","Ninguna de las anteriores","0","5"
"F7","90101025","P7","4B","la","1","4"
"F7","90109835","P7","4B","Ninguna de las anteriores","0","2"
"F7","90152365","P7","4B","la","1","2"
"F7","90281789","P7","4B","la","1","4"
"F7","90320463","P7","4B","la","1","3"
"F7","90326683","P7","4B","disculpa (primera aparición)","0","3"
"F7","90505373","P7","4B","disculpa (primera aparición)","0","3"
"F7","90553103","P7","4B","la","1","3"
"F7","90651466","P7","4B","Ninguna de las anteriores","0","3"
"F7","92344983","P7","4B","disculpa (segunda aparición)","0","2"
"F7","92535165","P7","4B","la","1","2"
"F7","92726062","P7","4B","no","0","2"
"F7","93015851","P7","4B","disculpa (primera aparición)","0","3"
"F7","93023558","P7","4B","Ninguna de las anteriores","0","4"
"F7","93071861","P7","4B","la","1","2"
"F7","93126720","P7","4B","la","1","2"
"F7","93301505","P7","4B","la","1","2"
"F7","93609934","P7","4B","Ninguna de las anteriores","0","2"
"F7","95103080","P7","4B","no","0","3"
"F7","95536151","P7","4B","la","1","4"
"F8","88278818","P8","1","doña","1","3"
"F8","88585663","P8","1","doña","1","5"
"F8","89112866","P8","1","doña","1","3"
"F8","89132226","P8","1","Ana (primera aparición)","0","3"
"F8","89466251","P8","1","Ninguna de las anteriores","0","4"
"F8","89512634","P8","1","doña","1","5"
"F8","89517852","P8","1","doña","1","3"
"F8","89586366","P8","1","Ninguna de las anteriores","0","4"
"F8","89586434","P8","1","Ninguna de las anteriores","0","1"
"F8","89607441","P8","1","doña","1","5"
"F8","89652455","P8","1","doña","1","3"
"F8","89704233","P8","1","doña","1","4"
"F8","89937568","P8","1","doña","1","3"
"F8","89989387","P8","1","Ana (primera aparición)","0","1"
"F8","90006405","P8","1","doña","1","4"
"F8","90051342","P8","1","no","0","4"
"F8","90084300","P8","1","no","0","2"
"F8","90085681","P8","1","Ana (primera aparición)","0","2"
"F8","90101025","P8","1","doña","1","2"
"F8","90109835","P8","1","doña","1","3"
"F8","90152365","P8","1","doña","1","2"
"F8","90281789","P8","1","Ana (primera aparición)","0","2"
"F8","90320463","P8","1","Ana (primera aparición)","0","3"
"F8","90326683","P8","1","doña","1","4"
"F8","90505373","P8","1","Ana (primera aparición)","0","2"
"F8","90553103","P8","1","doña","1","3"
"F8","90651466","P8","1","doña","1","3"
"F8","92344983","P8","1","no","0","3"
"F8","92535165","P8","1","doña","1","3"
"F8","92726062","P8","1","no","0","3"
"F8","93015851","P8","1","doña","1","4"
"F8","93023558","P8","1","Ninguna de las anteriores","0","3"
"F8","93071861","P8","1","Ana (primera aparición)","0","3"
"F8","93126720","P8","1","Ninguna de las anteriores","0","3"
"F8","93301505","P8","1","doña","1","3"
"F8","93609934","P8","1","Ninguna de las anteriores","0","4"
"F8","95103080","P8","1","Ninguna de las anteriores","0","3"
"F8","95536151","P8","1","doña","1","4"
"F8","88278818","P8","2","doña","1","3"
"F8","88585663","P8","2","doña","1","2"
"F8","89112866","P8","2","doña","1","2"
"F8","89132226","P8","2","doña","1","5"
"F8","89466251","P8","2","Ninguna de las anteriores","0","3"
"F8","89512634","P8","2","doña","1","5"
"F8","89517852","P8","2","doña","1","5"
"F8","89586366","P8","2","Ana (primera aparición)","0","4"
"F8","89586434","P8","2","doña","1","2"
"F8","89607441","P8","2","doña","1","4"
"F8","89652455","P8","2","doña","1","3"
"F8","89704233","P8","2","doña","1","4"
"F8","89937568","P8","2","doña","1","3"
"F8","89989387","P8","2","doña","1","2"
"F8","90006405","P8","2","doña","1","3"
"F8","90051342","P8","2","no","0","4"
"F8","90084300","P8","2","no","0","2"
"F8","90085681","P8","2","Ana (primera aparición)","0","2"
"F8","90101025","P8","2","doña","1","3"
"F8","90109835","P8","2","Ninguna de las anteriores","0","2"
"F8","90152365","P8","2","doña","1","3"
"F8","90281789","P8","2","Ana (primera aparición)","0","3"
"F8","90320463","P8","2","doña","1","3"
"F8","90326683","P8","2","doña","1","4"
"F8","90505373","P8","2","Ana (primera aparición)","0","2"
"F8","90553103","P8","2","doña","1","4"
"F8","90651466","P8","2","doña","1","4"
"F8","92344983","P8","2","doña","1","4"
"F8","92535165","P8","2","doña","1","3"
"F8","92726062","P8","2","Ana (primera aparición)","0","2"
"F8","93015851","P8","2","doña","1","4"
"F8","93023558","P8","2","Ana (primera aparición)","0","3"
"F8","93071861","P8","2","doña","1","5"
"F8","93126720","P8","2","doña","1","4"
"F8","93301505","P8","2","doña","1","2"
"F8","93609934","P8","2","doña","1","4"
"F8","95103080","P8","2","Ninguna de las anteriores","0","2"
"F8","95536151","P8","2","doña","1","4"
"F8","88278818","P8","3","doña","1","2"
"F8","88585663","P8","3","doña","1","2"
"F8","89112866","P8","3","no","0","2"
"F8","89132226","P8","3","Ana (primera aparición)","0","3"
"F8","89466251","P8","3","doña","1","2"
"F8","89512634","P8","3","doña","1","5"
"F8","89517852","P8","3","doña","1","4"
"F8","89586366","P8","3","doña","1","3"
"F8","89586434","P8","3","Ninguna de las anteriores","0","1"
"F8","89607441","P8","3","doña","1","2"
"F8","89652455","P8","3","doña","1","3"
"F8","89704233","P8","3","doña","1","2"
"F8","89937568","P8","3","doña","1","2"
"F8","89989387","P8","3","doña","1","1"
"F8","90006405","P8","3","doña","1","4"
"F8","90051342","P8","3","doña","1","4"
"F8","90084300","P8","3","doña","1","2"
"F8","90085681","P8","3","doña","1","2"
"F8","90101025","P8","3","doña","1","3"
"F8","90109835","P8","3","Ninguna de las anteriores","0","3"
"F8","90152365","P8","3","doña","1","3"
"F8","90281789","P8","3","doña","1","2"
"F8","90320463","P8","3","doña","1","3"
"F8","90326683","P8","3","doña","1","4"
"F8","90505373","P8","3","Ana (primera aparición)","0","2"
"F8","90553103","P8","3","doña","1","2"
"F8","90651466","P8","3","doña","1","1"
"F8","92344983","P8","3","doña","1","2"
"F8","92535165","P8","3","doña","1","2"
"F8","92726062","P8","3","no","0","2"
"F8","93015851","P8","3","doña","1","3"
"F8","93023558","P8","3","doña","1","2"
"F8","93071861","P8","3","Ana (primera aparición)","0","3"
"F8","93126720","P8","3","doña","1","3"
"F8","93301505","P8","3","doña","1","2"
"F8","93609934","P8","3","doña","1","2"
"F8","95103080","P8","3","doña","1","3"
"F8","95536151","P8","3","doña","1","4"
"F8","88278818","P8","4N","doña","1","2"
"F8","88585663","P8","4N","doña","1","2"
"F8","89112866","P8","4N","doña","1","1"
"F8","89132226","P8","4N","doña","1","4"
"F8","89466251","P8","4N","doña","1","2"
"F8","89512634","P8","4N","doña","1","5"
"F8","89517852","P8","4N","doña","1","3"
"F8","89586366","P8","4N","doña","1","3"
"F8","89586434","P8","4N","Ninguna de las anteriores","0","2"
"F8","89607441","P8","4N","doña","1","3"
"F8","89652455","P8","4N","doña","1","3"
"F8","89704233","P8","4N","doña","1","3"
"F8","89937568","P8","4N","Ana (primera aparición)","0","2"
"F8","89989387","P8","4N","doña","1","1"
"F8","90006405","P8","4N","doña","1","2"
"F8","90051342","P8","4N","doña","1","2"
"F8","90084300","P8","4N","doña","1","2"
"F8","90085681","P8","4N","doña","1","2"
"F8","90101025","P8","4N","doña","1","1"
"F8","90109835","P8","4N","Ninguna de las anteriores","0","2"
"F8","90152365","P8","4N","doña","1","1"
"F8","90281789","P8","4N","doña","1","2"
"F8","90320463","P8","4N","doña","1","3"
"F8","90326683","P8","4N","doña","1","3"
"F8","90505373","P8","4N","Ana (primera aparición)","0","2"
"F8","90553103","P8","4N","doña","1","3"
"F8","90651466","P8","4N","doña","1","2"
"F8","92344983","P8","4N","doña","1","1"
"F8","92535165","P8","4N","doña","1","1"
"F8","92726062","P8","4N","no","0","2"
"F8","93015851","P8","4N","doña","1","2"
"F8","93023558","P8","4N","Ana (primera aparición)","0","3"
"F8","93071861","P8","4N","doña","1","3"
"F8","93126720","P8","4N","doña","1","2"
"F8","93301505","P8","4N","doña","1","2"
"F8","93609934","P8","4N","doña","1","3"
"F8","95103080","P8","4N","Ana (primera aparición)","0","2"
"F8","95536151","P8","4N","doña","1","4"
"F8","88278818","P8","4B","doña","1","2"
"F8","88585663","P8","4B","doña","1","2"
"F8","89112866","P8","4B","doña","1","2"
"F8","89132226","P8","4B","doña","1","5"
"F8","89466251","P8","4B","Ninguna de las anteriores","0","2"
"F8","89512634","P8","4B","doña","1","5"
"F8","89517852","P8","4B","doña","1","4"
"F8","89586366","P8","4B","Ninguna de las anteriores","0","4"
"F8","89586434","P8","4B","Ninguna de las anteriores","0","1"
"F8","89607441","P8","4B","doña","1","2"
"F8","89652455","P8","4B","doña","1","2"
"F8","89704233","P8","4B","doña","1","3"
"F8","89937568","P8","4B","doña","1","3"
"F8","89989387","P8","4B","no","0","1"
"F8","90006405","P8","4B","doña","1","2"
"F8","90051342","P8","4B","doña","1","3"
"F8","90084300","P8","4B","doña","1","2"
"F8","90085681","P8","4B","doña","1","2"
"F8","90101025","P8","4B","doña","1","2"
"F8","90109835","P8","4B","doña","1","3"
"F8","90152365","P8","4B","doña","1","3"
"F8","90281789","P8","4B","doña","1","2"
"F8","90320463","P8","4B","doña","1","3"
"F8","90326683","P8","4B","doña","1","4"
"F8","90505373","P8","4B","Ana (primera aparición)","0","2"
"F8","90553103","P8","4B","doña","1","3"
"F8","90651466","P8","4B","doña","1","2"
"F8","92344983","P8","4B","no","0","2"
"F8","92535165","P8","4B","doña","1","2"
"F8","92726062","P8","4B","Ana (primera aparición)","0","2"
"F8","93015851","P8","4B","doña","1","4"
"F8","93023558","P8","4B","doña","1","3"
"F8","93071861","P8","4B","doña","1","4"
"F8","93126720","P8","4B","doña","1","2"
"F8","93301505","P8","4B","doña","1","2"
"F8","93609934","P8","4B","doña","1","2"
"F8","95103080","P8","4B","Ninguna de las anteriores","0","2"
"F8","95536151","P8","4B","doña","1","4"
"F9","88278818","P9","1","Ninguna de las anteriores","0","5"
"F9","88585663","P9","1","Ninguna de las anteriores","0","5"
"F9","89112866","P9","1","puede","0","3"
"F9","89132226","P9","1","puede","0","3"
"F9","89466251","P9","1","Ninguna de las anteriores","0","5"
"F9","89512634","P9","1","Ninguna de las anteriores","0","5"
"F9","89517852","P9","1","Ninguna de las anteriores","0","3"
"F9","89586366","P9","1","Ninguna de las anteriores","0","4"
"F9","89586434","P9","1","Ninguna de las anteriores","0","4"
"F9","89607441","P9","1","Ninguna de las anteriores","0","4"
"F9","89652455","P9","1","si","1","4"
"F9","89704233","P9","1","Ninguna de las anteriores","0","4"
"F9","89937568","P9","1","si","1","4"
"F9","89989387","P9","1","si","1","3"
"F9","90006405","P9","1","Ninguna de las anteriores","0","4"
"F9","90051342","P9","1","Ninguna de las anteriores","0","5"
"F9","90084300","P9","1","puede","0","2"
"F9","90085681","P9","1","Ninguna de las anteriores","0","5"
"F9","90101025","P9","1","Ninguna de las anteriores","0","3"
"F9","90109835","P9","1","Ninguna de las anteriores","0","3"
"F9","90152365","P9","1","Ninguna de las anteriores","0","3"
"F9","90281789","P9","1","Ninguna de las anteriores","0","4"
"F9","90320463","P9","1","puede","0","2"
"F9","90326683","P9","1","puede","0","4"
"F9","90505373","P9","1","viajar","0","4"
"F9","90553103","P9","1","Ninguna de las anteriores","0","4"
"F9","90651466","P9","1","Ninguna de las anteriores","0","4"
"F9","92344983","P9","1","sano","0","4"
"F9","92535165","P9","1","sano","0","4"
"F9","92726062","P9","1","puede","0","2"
"F9","93015851","P9","1","Ninguna de las anteriores","0","5"
"F9","93023558","P9","1","sano","0","4"
"F9","93071861","P9","1","Ninguna de las anteriores","0","5"
"F9","93126720","P9","1","Ninguna de las anteriores","0","4"
"F9","93301505","P9","1","puede","0","3"
"F9","93609934","P9","1","Ninguna de las anteriores","0","4"
"F9","95103080","P9","1","puede","0","3"
"F9","95536151","P9","1","puede","0","3"
"F9","88278818","P9","2","Ninguna de las anteriores","0","5"
"F9","88585663","P9","2","si","1","4"
"F9","89112866","P9","2","puede","0","4"
"F9","89132226","P9","2","puede","0","5"
"F9","89466251","P9","2","Ninguna de las anteriores","0","5"
"F9","89512634","P9","2","si","1","5"
"F9","89517852","P9","2","Ninguna de las anteriores","0","2"
"F9","89586366","P9","2","Ninguna de las anteriores","0","4"
"F9","89586434","P9","2","Ninguna de las anteriores","0","2"
"F9","89607441","P9","2","Ninguna de las anteriores","0","4"
"F9","89652455","P9","2","si","1","4"
"F9","89704233","P9","2","Ninguna de las anteriores","0","3"
"F9","89937568","P9","2","si","1","4"
"F9","89989387","P9","2","puede","0","3"
"F9","90006405","P9","2","Ninguna de las anteriores","0","3"
"F9","90051342","P9","2","puede","0","4"
"F9","90084300","P9","2","puede","0","3"
"F9","90085681","P9","2","viajar","0","4"
"F9","90101025","P9","2","Ninguna de las anteriores","0","3"
"F9","90109835","P9","2","Ninguna de las anteriores","0","3"
"F9","90152365","P9","2","Ninguna de las anteriores","0","2"
"F9","90281789","P9","2","Ninguna de las anteriores","0","4"
"F9","90320463","P9","2","puede","0","2"
"F9","90326683","P9","2","puede","0","4"
"F9","90505373","P9","2","viajar","0","4"
"F9","90553103","P9","2","Ninguna de las anteriores","0","4"
"F9","90651466","P9","2","viajar","0","3"
"F9","92344983","P9","2","Ninguna de las anteriores","0","2"
"F9","92535165","P9","2","puede","0","4"
"F9","92726062","P9","2","puede","0","3"
"F9","93015851","P9","2","Ninguna de las anteriores","0","4"
"F9","93023558","P9","2","Ninguna de las anteriores","0","4"
"F9","93071861","P9","2","Ninguna de las anteriores","0","4"
"F9","93126720","P9","2","Ninguna de las anteriores","0","4"
"F9","93301505","P9","2","viajar","0","4"
"F9","93609934","P9","2","Ninguna de las anteriores","0","4"
"F9","95103080","P9","2","puede","0","3"
"F9","95536151","P9","2","puede","0","3"
"F9","88278818","P9","3","si","1","4"
"F9","88585663","P9","3","si","1","2"
"F9","89112866","P9","3","viajar","0","2"
"F9","89132226","P9","3","puede","0","4"
"F9","89466251","P9","3","si","1","5"
"F9","89512634","P9","3","si","1","5"
"F9","89517852","P9","3","si","1","2"
"F9","89586366","P9","3","si","1","2"
"F9","89586434","P9","3","Ninguna de las anteriores","0","2"
"F9","89607441","P9","3","si","1","4"
"F9","89652455","P9","3","si","1","4"
"F9","89704233","P9","3","si","1","3"
"F9","89937568","P9","3","puede","0","3"
"F9","89989387","P9","3","puede","0","3"
"F9","90006405","P9","3","si","1","3"
"F9","90051342","P9","3","viajar","0","4"
"F9","90084300","P9","3","si","1","2"
"F9","90085681","P9","3","Ninguna de las anteriores","0","4"
"F9","90101025","P9","3","Ninguna de las anteriores","0","2"
"F9","90109835","P9","3","puede","0","3"
"F9","90152365","P9","3","si","1","2"
"F9","90281789","P9","3","si","1","3"
"F9","90320463","P9","3","puede","0","2"
"F9","90326683","P9","3","puede","0","2"
"F9","90505373","P9","3","viajar","0","2"
"F9","90553103","P9","3","si","1","4"
"F9","90651466","P9","3","viajar","0","2"
"F9","92344983","P9","3","Ninguna de las anteriores","0","2"
"F9","92535165","P9","3","si","1","2"
"F9","92726062","P9","3","puede","0","3"
"F9","93015851","P9","3","Ninguna de las anteriores","0","3"
"F9","93023558","P9","3","puede","0","4"
"F9","93071861","P9","3","si","1","4"
"F9","93126720","P9","3","Ninguna de las anteriores","0","2"
"F9","93301505","P9","3","viajar","0","3"
"F9","93609934","P9","3","si","1","3"
"F9","95103080","P9","3","puede","0","3"
"F9","95536151","P9","3","puede","0","3"
"F9","88278818","P9","4N","Ninguna de las anteriores","0","3"
"F9","88585663","P9","4N","si","1","3"
"F9","89112866","P9","4N","puede","0","2"
"F9","89132226","P9","4N","puede","0","3"
"F9","89466251","P9","4N","Ninguna de las anteriores","0","4"
"F9","89512634","P9","4N","puede","0","5"
"F9","89517852","P9","4N","Ninguna de las anteriores","0","2"
"F9","89586366","P9","4N","si","1","2"
"F9","89586434","P9","4N","Ninguna de las anteriores","0","1"
"F9","89607441","P9","4N","si","1","2"
"F9","89652455","P9","4N","si","1","3"
"F9","89704233","P9","4N","si","1","2"
"F9","89937568","P9","4N","puede","0","3"
"F9","89989387","P9","4N","si","1","2"
"F9","90006405","P9","4N","si","1","3"
"F9","90051342","P9","4N","si","1","4"
"F9","90084300","P9","4N","si","1","2"
"F9","90085681","P9","4N","Ninguna de las anteriores","0","4"
"F9","90101025","P9","4N","si","1","1"
"F9","90109835","P9","4N","Ninguna de las anteriores","0","2"
"F9","90152365","P9","4N","si","1","2"
"F9","90281789","P9","4N","Ninguna de las anteriores","0","4"
"F9","90320463","P9","4N","si","1","1"
"F9","90326683","P9","4N","si","1","2"
"F9","90505373","P9","4N","viajar","0","2"
"F9","90553103","P9","4N","si","1","2"
"F9","90651466","P9","4N","viajar","0","3"
"F9","92344983","P9","4N","si","1","2"
"F9","92535165","P9","4N","si","1","1"
"F9","92726062","P9","4N","puede","0","2"
"F9","93015851","P9","4N","si","1","2"
"F9","93023558","P9","4N","Ninguna de las anteriores","0","4"
"F9","93071861","P9","4N","si","1","2"
"F9","93126720","P9","4N","si","1","2"
"F9","93301505","P9","4N","si","1","2"
"F9","93609934","P9","4N","si","1","2"
"F9","95103080","P9","4N","puede","0","2"
"F9","95536151","P9","4N","puede","0","2"
"F9","88278818","P9","4B","si","1","3"
"F9","88585663","P9","4B","si","1","3"
"F9","89112866","P9","4B","si","1","2"
"F9","89132226","P9","4B","si","1","2"
"F9","89466251","P9","4B","Ninguna de las anteriores","0","4"
"F9","89512634","P9","4B","si","1","5"
"F9","89517852","P9","4B","Ninguna de las anteriores","0","2"
"F9","89586366","P9","4B","si","1","2"
"F9","89586434","P9","4B","Ninguna de las anteriores","0","3"
"F9","89607441","P9","4B","si","1","3"
"F9","89652455","P9","4B","si","1","4"
"F9","89704233","P9","4B","si","1","3"
"F9","89937568","P9","4B","puede","0","2"
"F9","89989387","P9","4B","Ninguna de las anteriores","0","2"
"F9","90006405","P9","4B","si","1","3"
"F9","90051342","P9","4B","Ninguna de las anteriores","0","5"
"F9","90084300","P9","4B","si","1","2"
"F9","90085681","P9","4B","Ninguna de las anteriores","0","4"
"F9","90101025","P9","4B","si","1","2"
"F9","90109835","P9","4B","Ninguna de las anteriores","0","3"
"F9","90152365","P9","4B","si","1","2"
"F9","90281789","P9","4B","Ninguna de las anteriores","0","4"
"F9","90320463","P9","4B","puede","0","2"
"F9","90326683","P9","4B","puede","0","2"
"F9","90505373","P9","4B","viajar","0","2"
"F9","90553103","P9","4B","si","1","3"
"F9","90651466","P9","4B","Ninguna de las anteriores","0","3"
"F9","92344983","P9","4B","si","1","4"
"F9","92535165","P9","4B","si","1","1"
"F9","92726062","P9","4B","viajar","0","2"
"F9","93015851","P9","4B","Ninguna de las anteriores","0","2"
"F9","93023558","P9","4B","viajar","0","4"
"F9","93071861","P9","4B","si","1","4"
"F9","93126720","P9","4B","si","1","3"
"F9","93301505","P9","4B","viajar","0","4"
"F9","93609934","P9","4B","si","1","3"
"F9","95103080","P9","4B","puede","0","2"
"F9","95536151","P9","4B","puede","0","3"